мёрзлый_ADJF	мёрзло	мёрзлее	мерзлым	мёрзла	померзлее	мерзлые	померзлей	мерзлое	мёрзлыми	мёрзлой	мёрзлому	мёрзлом	мёрзлы	мерзлом	помёрзлее	мёрзлых	мерзлее	мерзло	мёрзлые	мёрзлое	мёрзлою	мерзлого	мерзла	мерзлый	мерзлую	мёрзлую	мёрзлей	мерзлых	мерзлая	мерзлой	мёрзлый	мёрзлого	мёрзлая	мерзл	мерзлы	мёрзлым	мерзлою	мёрзл	мерзлыми	мерзлей	мерзлому	помёрзлей
элемент_NOUN	элементами	элементом	элементы	элементу	элемента	элементах	элемент	элементам	элементе	элементов
кабак_NOUN	кабаке	кабак	кабаки	кабаками	кабаком	кабакам	кабака	кабаков	кабаках	кабаку
трубач_NOUN	трубачу	трубачами	трубача	трубаче	трубачи	трубачом	трубачах	трубачам	трубачей	трубач
славный_ADJF	славнейшая	славный	славнейшим	славное	славен	славнейшими	славнее	славнейшего	славнейших	славнейшей	славная	славною	пославней	славным	славнейшие	славном	пославнее	славнейшему	славного	славнейшую	славнейшее	славную	славнейший	славной	славнейшею	славна	славные	славней	славно	славному	славных	славнейшем	славными	славны
центр_NOUN	центры	центров	центра	центре	центром	центрам	центрах	центр	центрами	центру
установка_NOUN	установкою	установку	установками	установке	установкой	установках	установки	установок	установка	установкам
символ_NOUN	символы	символом	символе	символу	символам	символами	символа	символов	символ	символах
мелькать_INFN	мелькало	мелькавшему	мелькают	мелькавшего	мелькаешь	мелькающих	мелькавшие	мелькающею	мелькающие	мелькавших	мелькающему	мелькали	мелькал	мелькайте	мелькавший	мелькав	мелькавшее	мелькавшим	мелькать	мелькающего	мелькавшую	мелькаю	мелькая	мелькавшем	мелькающая	мелькавшими	мелькает	мелькай	мелькавшей	мелькающее	мелькающим	мелькающем	мелькала	мелькаете	мелькающую	мелькающими	мелькавшею	мелькающей	мелькающий	мелькавшая	мелькаем	мелькавши
лад_NOUN	ладом	ладу	лады	лад	ладами	ладе	лада	ладах	ладов	ладам
судак_NOUN	судака	судаки	судаках	судаков	судаками	судак	судаку	судаком	судакам	судаке
косарь_NOUN	косаре	косарём	косарю	косарям	косарь	косарях	косаря	косарями	косарем	косари	косарей
жалкий_ADJF	наижалчайших	жалкими	жалчайших	наижалчайшему	жалчайшим	жалчей	наижалчайшая	жалким	наижалчайшие	наижалчайшего	пожалчей	жалчайшем	жалчайшее	жалком	наижалчайшее	жалких	наижалчайший	наижалчайшею	жалчайшею	жалок	жалчайшей	наижалчайшей	жалчайшая	жалчайшему	жалкие	жалко	наижалчайшем	жалкая	жалкую	жалчайшего	пожалче	жалкой	жалче	наижалчайшим	жалка	жалкою	жалчайший	жалкий	жалчайшую	жалкому	наижалчайшую	наижалчайшими	жалчайшие	жалчайшими	жалки	жалкое	жалкого
киса_NOUN	кисы	кисой	кису	кисам	киса	кисами	кисе	кис	кисою	кисах
сидячий_ADJF	посидячей	сидяча	сидячим	сидячем	сидячего	сидячи	сидячий	сидячей	сидячих	посидячее	сидяче	сидячее	сидячими	сидячие	сидячею	сидяч	сидячему	сидячую	сидячая
магия_NOUN	магиею	магиях	магий	магией	магиям	магию	магии	магия	магиями
скорость_NOUN	скоростям	скоростями	скорости	скоростей	скоростях	скорость	скоростью
шлифовальный_ADJF	шлифовальную	шлифовальный	шлифовальных	пошлифовальнее	шлифовальная	шлифовальной	шлифовальному	шлифовальнее	шлифовальными	шлифовальным	шлифовальною	шлифовален	шлифовальные	шлифовальней	шлифовальны	шлифовальна	шлифовальном	пошлифовальней	шлифовально	шлифовальное	шлифовального
мебельный_ADJF	мебелен	мебельный	мебельному	мебельной	мебельно	мебельном	помебельней	мебельных	мебельны	мебельными	мебельные	мебельней	мебельного	мебельнее	мебельным	мебельна	мебельную	мебельная	помебельнее	мебельное	мебельною
чека_NOUN	чекой	чеках	чеке	чеку	чекою	чекам	чеки	чек	чеками	чека
чад_NOUN	чаду	чады	чадов	чадами	чада	чад	чадом	чадам	чадах	чаде
скатка_NOUN	скаткам	скатки	скатками	скатке	скаткою	скаткой	скатку	скаток	скатка	скатках
кровля_NOUN	кровлей	кровель	кровлям	кровлях	кровле	кровлями	кровля	кровлю	кровли	кровлею
таранный_ADJF	таранен	таранно	таранными	потараннее	таранном	тараннее	таранное	таранных	таранны	таранного	таранной	таранные	потаранней	таранный	таранней	таранною	таранная	таранным	таранному	таранна	таранную
мёд_NOUN	мёд	медами	меды	медам	меде	мёду	мёдом	меду	мёде	мёда	медах	мед	меда	медом	медов
маячить_INFN	маячащая	маячьте	маячащею	маячить	маячащем	маячащих	маячившая	маячившем	маячив	маячащими	маячило	маячишь	маячат	маячившим	маячащие	маячу	маячите	маячившей	маячила	маячивший	маячь	маячившего	маячившее	маячивши	маячащего	маячивших	маячащим	маяча	маячащий	маячащее	маячившею	маячащую	маячившие	маячившими	маячащему	маячили	маячившую	маячит	маячим	маячившему	маячащей	маячил
калина_NOUN	калинам	калинами	калинах	калин	калины	калиною	калине	калина	калину	калиной
знак_NOUN	знака	знаки	знаку	знак	знаков	знакам	знаками	знаках	знаком	знаке
мина_NOUN	минам	минах	мине	мины	мину	миной	мина	миною	минами	мин
стол_NOUN	стола	столами	столу	столом	столы	столах	стол	столам	столов	столе
коммерческий_ADJF	коммерческие	коммерческое	коммерческих	коммерческого	коммерческою	коммерческой	коммерческими	коммерческую	коммерческая	коммерческому	коммерческим	коммерческий	коммерческом
кончать_INFN	кончающее	кончающими	кончавшею	кончаемую	кончавший	кончав	кончаем	кончаемого	кончавшему	кончавших	кончавшим	кончаешь	кончаемыми	кончающую	кончавшее	кончай	кончавшими	кончающим	кончало	кончавшего	кончающие	кончавшие	кончаемою	кончать	кончал	кончающих	кончали	кончавшую	кончаемая	кончаемому	кончающею	кончаемым	кончая	кончаете	кончаемый	кончаемые	кончает	кончавшая	кончала	кончавши	кончаю	кончаемой	кончающей	кончающий	кончаемы	кончайте	кончающего	кончающем	кончаемых	кончаемом	кончающая	кончаемое	кончающему	кончавшем	кончавшей	кончаема	кончаемо	кончают
зелёный_ADJF	зелёный	зеленой	зелёном	позеленее	зелёною	зелёными	зеленей	зелёное	зелёной	зелено	зеленою	зеленый	зелёных	зеленые	зеленое	зелен	зеленым	зелёного	зелена	зелеными	зеленом	зелёным	зеленую	зеленому	зеленая	зеленого	зелёные	позеленей	зелёную	зелёному	зеленых	зелены	зеленее	зелёная
комковатый_ADJF	покомковатей	комковатого	комковатей	комковатые	комковатое	комковатую	комковаты	комковатых	комковатыми	комковатый	комковатому	комковатою	комковатее	покомковатее	комковатым	комковата	комковатая	комковатом	комковатой	комковато	комковат
дикий_ADJF	дикой	дико	дичайшими	дика	дичее	диком	дичайшим	дикая	подичее	дичей	диких	дичайший	диким	дичайшей	дикие	дичайшего	дикую	дикое	дик	дикому	диче	дичайшею	дикого	дикими	дикою	подичей	дичайшие	дикий	дичайшее	дичайшая	дичайшем	дичайшую	дичайших	дичайше	дики	дичайшему
запасть_INFN	западете	западет	запало	запавшему	запавшими	запавшую	запавшее	западемте	западу	западёте	запавшем	запавшим	западите	западем	запавшие	запасть	западешь	запавшего	западёт	запала	запав	запавшей	западёмте	западут	западём	запавши	запавшая	западёшь	запавших	запавшею	запали	запал	запади	запавший
сошник_NOUN	сошников	сошника	сошнике	сошнику	сошникам	сошниках	сошники	сошник	сошниками	сошником
ужасный_ADJF	ужаснейшего	ужаснейших	ужасно	ужаснее	ужаснейшая	ужасен	ужасною	ужаснейшим	ужасные	ужасными	ужаснейшему	ужасной	ужаснейшее	ужасна	ужасны	ужасная	ужасном	ужасному	ужасных	ужаснейшую	ужаснейшею	ужаснейшие	поужаснее	ужаснейший	ужасней	ужаснейшем	поужасней	ужасным	ужасный	ужасное	ужаснейшей	ужасного	ужаснейшими	ужасную
масляный_ADJF	масляно	маслянее	масляного	масляны	маслян	масляные	помаслянее	масляней	масляной	масляном	масляна	масляному	масляная	масляную	масляным	помасляней	масляных	масляное	масляною	масляный	масляными
трёпка_NOUN	трёпке	трепки	трепкам	трепкой	трёпки	трёпок	трёпка	трепках	трёпкам	трёпками	трёпку	трепок	трёпкою	трепкою	трёпках	трепку	трепке	трепка	трёпкой	трепками
холод_NOUN	холодами	холоду	холодам	холодах	холодом	холод	холодов	холоде	холода
шпана_NOUN	шпана	шпаною	шпане	шпаны	шпану	шпаной
эпистолярный_ADJF	эпистолярными	эпистолярны	эпистолярным	эпистолярные	эпистолярная	эпистолярных	эпистолярною	поэпистолярней	эпистолярного	эпистолярной	поэпистолярнее	эпистолярному	эпистолярном	эпистолярен	эпистолярно	эпистолярнее	эпистолярную	эпистолярное	эпистолярна	эпистолярный	эпистолярней
лагерный_ADJF	лагерна	лагерной	лагерно	лагерней	лагерною	лагерному	лагерны	лагернее	полагернее	лагерными	лагерное	лагерный	лагерным	лагерная	лагерного	полагерней	лагерные	лагерен	лагерных	лагерную	лагерном
чоканье_NOUN	чоканьем	чоканьями	чоканью	чоканья	чоканий	чоканье	чоканьях	чоканьям
матроска_NOUN	матроскою	матроска	матроскам	матросках	матроской	матроску	матроске	матросками	матроски	матросок
заглатывать_INFN	заглатываемой	заглатывают	заглатываем	заглатываемою	заглатывавшему	заглатываемым	заглатывающее	заглатывать	заглатываешь	заглатывавшего	заглатываемого	заглатывающей	заглатывал	заглатывающем	заглатываете	заглатывающий	заглатывало	заглатываемый	заглатывающим	заглатываю	заглатывающими	заглатывающего	заглатывающая	заглатывающею	заглатывавшем	заглатывавших	заглатывая	заглатываемыми	заглатывав	заглатываемому	заглатывавши	заглатываемых	заглатывающие	заглатываемая	заглатываемую	заглатывавшей	заглатывай	заглатывали	заглатывайте	заглатывавшая	заглатывающих	заглатываемы	заглатывавший	заглатываемые	заглатываемом	заглатываемое	заглатываемо	заглатывающему	заглатывавшею	заглатывавшую	заглатывавшим	заглатывавшие	заглатывающую	заглатывала	заглатываема	заглатывавшее	заглатывает	заглатывавшими
жрать_INFN	жря	жравшем	жрущим	жрущей	жравши	жрало	жравшему	жрущему	жравшими	жрущая	жрёт	жрущими	жравшей	жравшею	жравшее	жрём	жрет	жрущую	жрала	жрете	жри	жравший	жравшие	жрущее	жрущего	жрали	жравших	жрёте	жрёшь	жру	жрущем	жравшая	жрущие	жрущих	жравшим	жрущий	жравшего	жрешь	жрите	жрем	жрут	жравшую	жрать	жрал	жрущею	жрав
рыжий_ADJF	рыж	рыжа	рыжим	рыжий	рыжем	рыже	порыжей	рыжими	рыжи	рыжие	рыжая	рыжих	рыжего	рыжей	рыжею	рыжее	порыжее	рыжую	рыжему
рыжий_NOUN	рыжем	рыжими	рыжие	рыжему	рыжих	рыжим	рыжий	рыжего
узловатый_ADJF	узловатое	узловатым	узловато	узловатей	узловатее	узловатые	узловатому	узловатый	узловатая	узловата	узловатою	узловатого	узловатой	узловат	поузловатее	узловатыми	узловатых	поузловатей	узловатом	узловатую	узловаты
фигура_NOUN	фигурою	фигуре	фигур	фигурой	фигурам	фигуру	фигурами	фигура	фигуры	фигурах
земля_NOUN	землей	землям	землёю	землях	землями	земель	землю	земли	землею	земля	землёй	земле
лабиринт_NOUN	лабиринту	лабиринт	лабиринтах	лабиринтами	лабиринте	лабиринтом	лабиринтов	лабиринты	лабиринтам	лабиринта
фон_PRCL	фон
фон_NOUN	фонах	фона	фон	фонов	фоны	фоне	фоном	фонами	фону	фонам
мастер_NOUN	мастеров	мастерами	мастера	мастерах	мастер	мастером	мастере	мастерам	мастеру
фофан_NOUN	фофан	фофану	фофанам	фофане	фофанов	фофаном	фофанами	фофана	фофаны	фофанах
темнота_NOUN	темноте	темнотою	темнотой	темноту	темноты	темнота
хилость_NOUN	хилостями	хилостях	хилостью	хилости	хилостей	хилостям	хилость
кукурузник_NOUN	кукурузника	кукурузниках	кукурузнику	кукурузником	кукурузники	кукурузниками	кукурузнике	кукурузник	кукурузников	кукурузникам
чурек_NOUN	чуреком	чуреками	чуреку	чуреки	чуреков	чуреке	чуреках	чурекам	чурека	чурек
хана_NOUN	ханой	ханами	хане	ханы	ханам	хан	хану	ханах	хана	ханою
тонкий_ADJF	тонкому	тончайшую	наитончайшие	тончайшею	тонкой	наитончайшего	тончайшей	наитончайшею	тончайшее	наитончайшую	тонкого	тонком	наитончайшем	тончайшим	наитончайшая	наитончайшей	тонка	наитончайшее	потоньше	тонкие	тончайшая	наитончайшему	тонкую	тонким	тончайших	тончайшем	тонко	тонки	тонкою	тончайшему	наитончайший	тонкое	наитончайшими	тонкими	тонкая	тонкий	тончайшего	тончайшие	тонок	наитончайшим	тоньше	тонких	тончайшими	тончайший	наитончайших
форте_ADJF	форте
шитьё_NOUN	шитья	шитье	шитьём	шитьё	шитью	шитьем
коммерция_NOUN	коммерциями	коммерций	коммерциях	коммерцию	коммерцией	коммерциям	коммерция	коммерциею	коммерции
камера_NOUN	камер	камерами	камера	камерой	камерам	камере	камеру	камерою	камеры	камерах
топ_NOUN	топах	топы	топа	топами	топе	топам	топ	топов	топу	топом
топ_INTJ	топ
шмара_NOUN	шмаре	шмарам	шмарах	шмарами	шмара	шмар	шмару	шмары	шмарою	шмарой
спора_NOUN	споре	спору	спора	споры	спорою	спорой	спорах	спорами	спорам	спор
звонкий_ADJF	звонче	звончей	звонкою	звонком	звонкий	звонок	звонкими	звонкая	звонким	звонких	позвончей	звонкую	звонкое	звонка	звонкого	звонкой	звонкому	позвонче	звонкие	звонки	звонко
забить_INFN	забившими	забившую	забитой	забиты	забитое	забивший	забьёшь	забившем	забитых	забит	забитые	забьём	забитая	забьем	забитый	забитом	забитую	забьешь	забил	забившие	забьемте	забитыми	забьет	забить	забившее	забьёмте	забито	забившим	забило	забили	забитого	забила	забитою	забив	забитому	забьете	забившего	забившему	забью	забита	забьют	забей	забившей	забьёте	забьёт	забейте	забившею	забивши	забитым	забившая	забивших
чертовщина_NOUN	чертовщинами	чертовщиной	чертовщине	чертовщин	чертовщиною	чертовщинам	чертовщины	чертовщинах	чертовщина	чертовщину
кат_NOUN	катами	кат	каты	ката	катах	кате	катов	катом	катам	кату
тупить_INFN	тупившей	тупимую	туплен	тупили	тупящих	тупленного	тупленному	тупящем	тупив	тупил	тупят	тупленные	тупила	тупимые	тупимо	туплю	тупимых	тупленною	тупленной	тупленную	тупящая	тупящим	тупленным	тупим	тупимое	тупленном	тупящей	тупило	тупящею	тупивших	тупимою	тупленное	тупя	тупивши	туплены	тупившим	тупившее	тупимой	тупить	тупленный	тупивший	тупимого	тупящее	тупленных	тупящий	тупимому	тупимыми	туплено	тупите	тупившего	тупившими	тупящую	тупящего	тупившая	тупима	тупившею	тупимый	тупящими	тупившему	тупившую	тупимом	тупи	тупимым	тупленная	тупившие	туплена	тупишь	тупящему	тупящие	тупимы	тупленными	тупившем	тупит	тупимая
солнышко_NOUN	солнышках	солнышком	солнышки	солнышке	солнышку	солнышко	солнышкам	солнышками	солнышка	солнышек
язва_NOUN	язв	язвами	язве	язвам	язвою	язвах	язвы	язва	язву	язвой
лев_NOUN	левах	левы	льву	львам	левами	лев	льве	левов	льва	леву	леве	львах	лева	львов	левам	львами	львом	левом	львы
дека_NOUN	деках	деки	деке	декой	деку	декам	деками	декою	дек	дека
кругом_ADVB	кругом
кругом_PREP	кругом
сопливый_ADJF	посопливей	сопливей	сопливую	сопливыми	сопливою	сопливых	сопливая	сопливой	сопливее	сопливое	соплива	сопливо	сопливом	сопливым	сопливого	соплив	сопливому	сопливы	сопливые	сопливый	посопливее
сойка_NOUN	сойках	сойка	сойками	сойку	сойки	сойкой	сойкою	сойкам	сойке	соек
классный_ADJF	классного	классен	поклассней	классней	классные	классным	классною	классный	классной	классных	классными	классна	классная	покласснее	классному	класснее	классно	классное	классны	классную	классном
копёр_NOUN	копры	копер	копру	копром	копрах	копре	копра	копёр	копрами	копрам	копров
чертёж_NOUN	чертежу	чертежам	чертежом	чертёж	чертежами	чертежа	чертежах	чертеже	чертежи	чертеж	чертежей
южный_ADJF	поюжнее	южных	южно	южною	южные	южную	южными	южному	южной	южнее	южным	южного	южней	южная	южном	южный	южны	южен	южна	южное	поюжней
серебрить_INFN	серебримая	серебрённую	серебренную	серебрящие	серебрившего	серебрило	серебривших	серебримы	серебрены	серебримые	серебрит	серебрённым	серебрённой	серебрённою	серебрённое	серебрившему	серебримой	серебря	серебрившую	серебрённого	серебрившие	серебримою	серебримому	серебренное	серебрёнными	серебримую	серебрённый	серебривши	серебримым	серебрив	серебрить	серебренные	серебрила	серебрящем	серебримое	серебренным	серебрящего	серебрен	серебришь	серебрившею	серебримых	серебрим	серебрившее	серебрят	серебримыми	серебрящую	серебрённых	серебренная	серебрили	серебрящими	серебрена	серебренною	серебрящей	серебрящему	серебрившими	серебрящим	серебрившая	серебрящих	серебрима	серебренном	серебрите	серебрённые	серебримый	серебрящею	серебрённая	серебренных	серебренного	серебрившем	серебримого	серебрящее	серебрено	серебрённом	серебренными	серебрящий	серебренный	серебрящая	серебрившим	серебрю	серебренной	серебренному	серебрённому	серебрён	серебривший	серебримо	серебрил	серебрившей	серебримом	серебри
чувственный_ADJF	чувственен	чувственней	чувственно	чувственный	чувственного	чувственной	чувственному	почувственнее	чувственную	чувственные	чувственных	почувственней	чувственная	чувственном	чувственное	чувственными	чувственнее	чувственным	чувственна	чувствен	чувственны	чувственною
зарубить_INFN	зарубивший	зарубившей	зарубленном	зарубившим	зарубить	зарубившею	зарубили	зарубленную	зарубившем	зарубишь	заруби	зарубившими	зарубивших	зарублю	зарубившее	зарубила	зарубившему	зарубленною	зарубленная	зарублен	зарубленного	зарубивши	зарубленные	зарубленной	зарубите	зарубим	зарубленным	зарубившая	зарубит	зарубило	зарублены	зарубил	зарубленных	зарубленный	зарубленное	зарубив	зарублено	зарублена	зарубленному	зарубившую	зарубимте	зарубленными	зарубившие	зарубят	зарубившего
каре_NOUN	каре
фонарь_NOUN	фонарём	фонарям	фонарь	фонарями	фонаре	фонари	фонарю	фонарях	фонарем	фонарей	фонаря
шпилить_INFN	шпилящими	шпиленных	шпилей	шпилю	шпилящих	шпилитому	шпиленное	шпиленные	шпиленною	шпилимых	шпильющее	шпилящее	шпиленного	шпилитое	шпилимую	шпильющей	шпиль	шпильющему	шпили	шпилимте	шпилите	шпильем	шпилимы	шпилимая	шпильют	шпилитой	шпильёшь	шпилены	шпилимые	шпилившими	шпилимо	шпилита	шпильёте	шпилящей	шпилимый	шпилишь	шпилено	шпильющею	шпильющий	шпилимою	шпилена	шпилившей	шпилимом	шпилитых	шпилима	шпиливший	шпилившего	шпильющая	шпиленный	шпильете	шпилящая	шпильющим	шпилимое	шпилив	шпилившие	шпилен	шпиленной	шпильёт	шпилитою	шпилившею	шпилитую	шпиливши	шпиля	шпилящим	шпилят	шпилитом	шпилейте	шпильющем	шпилимыми	шпильём	шпилитые	шпилью	шпильющего	шпилила	шпилящую	шпиленном	шпилито	шпилить	шпиливших	шпильющую	шпилящею	шпиленному	шпилил	шпилитым	шпильешь	шпильющие	шпилившую	шпилящие	шпиленная	шпилит	шпилимой	шпилившее	шпильте	шпильющими	шпилящий	шпилиты	шпильющих	шпиленным	шпилило	шпилящем	шпилитого	шпилитая	шпилящего	шпилили	шпилимому	шпилимого	шпилившим	шпиленными	шпилим	шпилитый	шпилимым	шпиленную	шпилитыми	шпильет	шпилящему	шпилившему	шпилившем	шпилившая
курево_NOUN	курева	куревам	куревах	куревом	куревами	куреве	курев	куреву	курево
форточка_NOUN	форточками	форточки	форточках	форточкам	форточек	форточкой	форточкою	форточке	форточка	форточку
сухарь_NOUN	сухаря	сухарю	сухарем	сухари	сухарями	сухаре	сухарём	сухарях	сухарям	сухарь	сухарей
явка_NOUN	явку	явок	явке	явках	явка	явкою	явки	явкой	явкам	явками
тарабанить_INFN	тарабанившим	тарабанившею	тарабанившие	тарабанивших	тарабанящего	тарабанившем	тарабанишь	тарабаня	тарабанят	тарабанивший	тарабанящем	тарабанящим	тарабаните	тарабанивши	тарабанящих	тарабанящею	тарабань	тарабанить	тарабаним	тарабанило	тарабаньте	тарабанившую	тарабанящему	тарабанящую	тарабанящий	тарабанили	тарабанившему	тарабанящие	тарабанившая	тарабанит	тарабанившей	тарабанившего	тарабанившее	тарабаню	тарабанила	тарабанил	тарабанящее	тарабанящей	тарабанящими	тарабанящая	тарабанив	тарабанившими
шаманить_INFN	шаманившими	шаманите	шаманящему	шаманивши	шаманил	шаманивший	шаманившей	шаманит	шаманящих	шаманило	шаманившие	шаманящим	шаманят	шаманящую	шаманящем	шаманящие	шаманю	шаманящими	шаманить	шаманившему	шаманящее	шаманившее	шаманила	шаманящая	шаманящий	шаманившею	шаманящею	шаманя	шаманившем	шамань	шаманишь	шаманившим	шаманящей	шаманьте	шаманящего	шаманившую	шаманивших	шаманив	шаманившего	шаманившая	шаманим	шаманили
сочный_ADJF	сочное	сочна	сочен	сочном	сочному	сочнее	сочный	сочную	сочно	сочными	сочная	сочные	сочных	сочней	сочного	сочным	сочною	сочны	посочней	посочнее	сочной
ушастый_ADJF	ушастом	поушастее	ушастой	ушастей	ушастого	ушастое	ушастому	ушастым	ушастую	ушастою	ушастая	ушасты	ушастых	ушаст	ушастее	поушастей	ушастые	ушасто	ушаста	ушастыми	ушастый
короб_NOUN	короб	коробом	коробами	коробах	короба	коробам	коробов	коробу	коробе
черныш_NOUN	черныш	чернышом	чернышами	чернышах	чернышей	чернышу	черныши	черныша	чернышам	черныше
чайник_NOUN	чайнику	чайника	чайником	чайниками	чайник	чайнике	чайниках	чайников	чайники	чайникам
тмин_NOUN	тмине	тминам	тминами	тминов	тмины	тмином	тмину	тминах	тмина	тмин
ладно_PRCL	ладно
ладно_ADVB	ладно
спектр_NOUN	спектру	спектрам	спектра	спектров	спектрах	спектром	спектре	спектрами	спектры	спектр
ягодица_NOUN	ягодица	ягодицу	ягодицами	ягодицам	ягодицею	ягодицах	ягодицей	ягодицы	ягодице	ягодиц
сведение_NOUN	сведеньях	сведению	сведениях	сведенью	сведенья	сведениям	сведенье	сведеньем	сведеньям	сведении	сведеньи	сведений	сведениями	сведение	сведения	сведением	сведеньями
драить_INFN	драивших	драили	драившею	драенным	драила	драящая	драимых	драившие	драит	драить	драимо	драите	драившей	драимым	драящую	драивши	драимы	драено	драил	драившего	драившая	драившим	драишь	драю	драившем	драенных	драйте	драимою	драящею	драенного	драенному	драенною	драенными	драившими	драящим	драимому	драены	драимыми	драенной	драившему	драимого	драивший	драенный	драимые	драимой	драящего	драимом	драенном	драим	драенную	драенные	драенная	драимую	драило	драящем	драящее	драящие	драившее	драима	драен	драящий	драенное	драив	драящему	драимое	драимый	драят	драй	драящими	драившую	драящей	драящих	драена	драя	драимая
топчан_NOUN	топчанами	топчанов	топчане	топчанам	топчанах	топчана	топчаны	топчан	топчаном	топчану
сверлить_INFN	сверлило	сверленные	сверлю	сверлившим	сверлено	сверлим	сверлимым	сверлённых	сверленную	сверля	сверлённому	сверлящее	сверлимых	сверлили	сверлившие	сверлила	сверлящем	сверлимою	сверли	сверлящими	сверлил	сверлимые	сверлённом	сверлённую	сверлёнными	сверлимое	сверлящих	сверлящему	сверлят	сверлимо	сверлённого	сверливший	сверлящею	сверлимую	сверлённое	сверленном	сверленным	сверлившей	сверлённой	сверлённою	сверлимому	сверлимыми	сверлящей	сверлённые	сверлившую	сверливши	сверленных	сверлившего	сверлившая	сверлима	сверлённая	сверлящего	сверлён	сверленными	сверлимой	сверлимом	сверлимый	сверлившему	сверленная	сверлящие	сверленному	сверленного	сверлившее	сверлящий	сверлящим	сверлимого	сверлящая	сверлив	сверлить	сверлимая	сверлены	сверлите	сверлен	сверленное	сверлит	сверлённым	сверлимы	сверленной	сверливших	сверленный	сверлившем	сверлившею	сверленною	сверлящую	сверлившими	сверлишь	сверлена	сверлённый
месть_NOUN	местью	местях	месть	мести	местями	местям	местей
шкода_NOUN	шкодою	шкода	шкодой	шкоде	шкоды	шкодам	шкодах	шкодами	шкоду	шкод
звучать_INFN	звучавшие	звучащую	звучащему	звучавшая	звучавший	звучи	звучащею	звучащая	звучавши	звучим	звучавшему	звучавшую	звучавшего	звучащей	звучавшими	звучавшей	звучали	звучащего	звучавшее	звучать	звучала	звучащий	звучавших	звучащих	звучащем	звучало	звучал	звучишь	звуча	звучат	звучащим	звучит	звучите	звучащими	звучавшею	звучащее	звучав	звучащие	звучавшим	звучавшем	звучу
флюс_NOUN	флюс	флюса	флюсами	флюсе	флюсам	флюсы	флюсу	флюсов	флюсах	флюсом
королёк_NOUN	корольками	корольках	королёк	королек	корольку	корольком	королькам	королька	корольков	корольке	корольки
мара_NOUN	мару	мар	марами	марам	марах	марою	мары	мара	марой	маре
латка_NOUN	латка	латкой	латку	латками	латки	латкою	латкам	латках	латок	латке
сеть_NOUN	сети	сетях	сетями	сетью	сеть	сетям	сетей
хор_NOUN	хора	хор	хоров	хором	хоры	хоре	хорам	хору	хорах	хорами
мирный_ADJF	мирнейшим	мирно	мирными	мирнейшие	мирнейшего	мирный	мирное	мирен	мирнейшем	мирном	мирнейший	мирна	мирного	мирнейшею	мирнейшее	мирны	мирных	помирней	мирнейшими	мирной	мирнейшей	мирною	мирная	мирнее	помирнее	мирную	мирным	мирней	мирнейшую	мирному	мирнейшему	мирнейших	мирные	мирнейшая
мирный_NOUN	мирном	мирным	мирному	мирного	мирный
ясный_ADJF	яснейшими	ясные	яснейшую	пояснее	ясны	яснейшем	поясней	ясною	яснейшим	ясном	ясно	яснейших	ясен	яснейшей	ясных	ясная	ясное	яснейшего	яснее	яснейшие	яснейшая	ясна	ясной	ясным	яснейшее	ясный	ясного	яснейшему	ясней	яснейшею	ясную	ясному	ясными	яснейший
сварочный_ADJF	сварочные	сварочному	сварочною	сварочная	сварочна	сварочного	сварочными	сварочной	сварочную	сварочны	сварочный	сварочным	сварочном	сварочней	сварочен	посварочнее	сварочное	сварочных	сварочно	посварочней	сварочнее
колосник_NOUN	колосника	колосниках	колоснику	колосники	колосниками	колосник	колосникам	колосником	колоснике	колосников
табельный_ADJF	табельный	табельная	табельно	потабельней	табельную	табельней	табельнее	табельной	табельна	табельном	табельною	табельным	табельному	табельного	табельные	табельных	табельны	потабельнее	табельными	табелен	табельное
ювелир_NOUN	ювелиров	ювелиры	ювелиром	ювелира	ювелирами	ювелире	ювелиру	ювелирах	ювелир	ювелирам
мамуля_NOUN	мамулям	мамули	мамулями	мамулею	мамулю	мамуль	мамуле	мамулей	мамуля	мамулях
шестёрка_NOUN	шестерками	шестерку	шестёрке	шестёрки	шестёрок	шестерке	шестёрках	шестёрку	шестёркою	шестеркам	шестёркам	шестёркой	шестёрка	шестерок	шестёрками	шестерка	шестерках	шестерки	шестеркою	шестеркой
забродить_INFN	забродил	забродите	забродившими	забродившей	забродившему	заброди	забродившую	забродившем	забродившим	забродившего	забродившею	забродивших	забродив	забродившая	забродить	забродило	забродивший	забродила	забродили	забродивши	забродит	забродимте	заброжу	забродят	забродишь	забродившее	забродившие	забродим
судить_INFN	судимых	судимое	судящем	судимые	судимо	суженное	судили	суженном	судила	судившими	судим	судящей	судимы	суженному	суженной	судимыми	судивши	суженного	судят	суженными	суженною	судимой	сужены	судящих	сужено	судимый	судившею	судишь	судившее	судимую	судящие	судящими	судимым	судящим	судящий	судящего	судившим	судивший	судивших	суженная	судившие	судите	судящему	суженные	сужен	суди	судившему	судимом	судившем	судимая	суженным	суженных	судит	судящую	суженную	судящею	судима	судимою	судившего	суженный	судить	судило	судимого	сужена	судившая	судимому	судив	судил	сужу	судящая	судящее	судя	судившей	судившую
крутить_INFN	крутимых	крутим	крутящие	крутившею	крутимому	крученные	крученному	крутящее	крутит	крутящую	крутимым	крутившую	крутившее	крутившем	крученными	крутившие	крутив	крутившим	крутило	крутишь	крутимой	крутившей	крутивших	крутящем	крутящая	крученном	крутимыми	крутя	крученною	крученным	крутивший	крутите	крутящими	крутимою	крученную	крутящею	кручены	крутившими	крутящий	крутимые	кручу	крученное	крутили	крученного	крутима	крутимо	крутила	кручена	крученный	крутимое	крученной	крутящих	крутившая	крутимом	крутивши	крутившему	крутить	крутимая	крутимый	крученная	крутимого	крутящего	кручено	крутящему	крутимы	крутят	крутил	кручен	крученных	крутящим	крутящей	крути	крутимую	крутившего
яблоко_NOUN	яблоко	яблоком	яблоке	яблока	яблокам	яблоку	яблоками	яблоки	яблоках	яблок
давление_NOUN	давленьям	давлению	давление	давленьи	давлений	давлениях	давлениям	давлении	давленье	давленью	давлениями	давлением	давленьями	давленьем	давленья	давления	давленьях
срыв_NOUN	срывами	срыва	срывам	срыв	срывах	срывом	срыву	срыве	срывов	срывы
шнур_NOUN	шнуре	шнур	шнура	шнуру	шнуром	шнуры	шнуров	шнурами	шнурах	шнурам
мелкий_ADJF	мелкому	мельчайшего	мельчайшее	мелкое	мелкою	мелкие	мельчайший	мелком	мельчайшими	мельчайшем	мелкими	мелкого	мельчайшая	мельчайшей	мельчайшие	мельче	мелки	мелкой	мелких	мельчайшую	мельчайшею	мелким	мелок	помельче	мелка	мелкий	мельчайшему	мелко	мельчайшим	мелкую	мельчайших	мелкая
рулить_INFN	руливших	рулят	рулящем	рулившее	рули	рулящая	рулящими	рулили	рулите	рулить	рулившие	рулящей	руливши	рулит	рулящую	руливший	рулящему	рулишь	рулившими	рулившего	рулив	рулящий	рулящие	рулившим	рулившею	рулил	рулившему	рулящею	рулим	рулящего	руля	рулило	рулящих	рулившую	рулящим	рулившей	рулила	рулящее	рулю	рулившем	рулившая
убрать_INFN	уберем	убранной	убрав	убранного	убрано	уберёте	убрали	убравшею	уберешь	уберет	убравшую	убранном	убрана	уберут	убранные	убравшее	уберете	уберу	уберём	убранное	убран	убравший	убравшему	убрал	убранных	убранная	уберите	убрать	убрала	убранный	убранную	уберемте	убравшем	убравшего	уберёт	убраны	убравшей	убранными	убравшими	убравшим	убери	убравшая	убранному	убравших	убранным	убранною	убрало	уберёшь	убравши	убравшие	уберёмте
таблетка_NOUN	таблеткам	таблеток	таблетки	таблетку	таблетках	таблеткою	таблетка	таблеткой	таблетками	таблетке
кстати_CONJ	кстати
кстати_ADVB	кстати
катран_NOUN	катране	катран	катраном	катранами	катраны	катранов	катрану	катранах	катрана	катранам
меч_NOUN	мечей	меча	мечом	мечами	мечу	мечам	мече	меч	мечи	мечах
точить_INFN	точимое	точившего	точённый	точащий	точив	точённое	точена	точащее	точи	точённому	точёнными	точимы	точённого	точащие	точённом	точившими	точен	точили	точенными	точённая	точенные	точившие	точившим	точу	точённым	точившее	точащую	точенной	точенною	точенный	точённою	точило	точившем	точащих	точила	точены	точимою	точащая	точащим	точащего	точившему	точён	точащем	точенных	точимому	точимые	точивши	точащими	точившую	точимых	точивших	точимом	точивший	точимым	точённую	точенное	точимого	точимую	точённой	точено	точим	точимой	точимо	точенном	точат	точенная	точит	точащею	точившей	точенного	точил	точившею	точимыми	точимый	точима	точенным	точимая	точенному	точащему	точа	точенную	точившая	точишь	точённых	точите	точить	точащей	точённые
ширять_INFN	ширяете	ширявшей	ширяйте	ширяешь	ширяющего	ширяющей	ширявшем	ширявшую	ширявшие	ширяющая	ширять	ширявшим	ширяем	ширяю	ширявшая	ширявших	ширяя	ширял	ширяют	ширявши	ширявшее	ширявшего	ширяющею	ширяли	ширяющим	ширяющий	ширяющее	ширяющими	ширяло	ширяй	ширяющие	ширяет	ширявшею	ширяв	ширяющих	ширявшими	ширявшему	ширяющем	ширявший	ширяющему	ширяла	ширяющую
цикл_NOUN	циклах	цикле	циклы	циклу	циклов	циклом	цикла	циклами	цикл	циклам
сажалка_NOUN	сажалка	сажалку	сажалкой	сажалки	сажалками	сажалкам	сажалке	сажалок	сажалкою	сажалках
сердечный_ADJF	сердечному	сердечною	сердечными	сердечен	сердечнейшем	сердечного	сердечней	сердечнейшее	сердечнейшую	сердечна	сердечны	сердечную	сердечным	сердечнейшие	сердечное	сердечнее	посердечней	сердечная	сердечный	сердечнейший	сердечнейшему	сердечнейшими	сердечном	сердечно	сердечнейшего	сердечнейшей	сердечнейшею	сердечной	сердечнейшая	сердечнейших	сердечных	сердечнейшим	сердечные	посердечнее
сытый_ADJF	сытейшая	сытейшие	сытые	сытого	сытей	сытой	посытей	посытее	сытому	сытую	сытейшей	сытою	сытее	сыты	сытом	сытое	сытейшею	сыто	сытая	сытейший	сытейшего	сытейшими	сытый	сыт	сытыми	сыта	сытейшему	сытейшим	сытейшую	сытейших	сытейшем	сытым	сытейшее	сытых
ферма_NOUN	фермам	фермы	ферме	ферм	фермою	фермой	ферму	фермах	фермами	ферма
хлюст_NOUN	хлюста	хлюстам	хлюстах	хлюсту	хлюсты	хлюстами	хлюст	хлюсте	хлюстом	хлюстов
шабаш_INTJ	шабаш
шабаш_NOUN	шабаш	шабашу	шабаше	шабашем	шабашами	шабаши	шабашей	шабашам	шабашах	шабаша
травля_NOUN	травлями	травлю	травля	травлях	травле	травлям	травель	травлей	травлею	травли
сан_NOUN	сан	саном	сану	санам	санах	сана	санов	сане	санами	саны
ярлык_NOUN	ярлыку	ярлыка	ярлыкам	ярлыках	ярлык	ярлыке	ярлыки	ярлыков	ярлыками	ярлыком
хват_NOUN	хвата	хватам	хват	хватов	хвату	хватом	хваты	хватах	хватами	хвате
халтура_NOUN	халтуры	халтурах	халтур	халтура	халтурам	халтуру	халтурой	халтурою	халтурами	халтуре
язык_NOUN	языкам	языку	языков	языки	язык	языцех	языке	языком	языками	языках	языка
жезл_NOUN	жезлами	жезл	жезлом	жезла	жезлы	жезлам	жезлах	жезлу	жезлов	жезле
трап_NOUN	трапах	трапом	трапов	трап	трапами	трапе	трапу	трапы	трапам	трапа
сиять_INFN	сияющей	сияющих	сиявшими	сияет	сияешь	сияющие	сияющими	сиявшим	сияющую	сияющем	сиявших	сиявшие	сиявшему	сияв	сияющая	сиявшее	сияя	сияют	сияющий	сияющего	сиявшем	сиявши	сияйте	сияющим	сиявшая	сияла	сияло	сиявшего	сияющее	сияющему	сияли	сияете	сияй	сияющею	сияем	сиявшею	сиявший	сиял	сиявшую	сиявшей	сиять	сияю
серебристый_ADJF	серебристая	посеребристее	серебристей	серебристого	серебрист	серебриста	серебристой	посеребристей	серебристых	серебристы	серебристое	серебристыми	серебристо	серебристом	серебристый	серебристым	серебристую	серебристее	серебристому	серебристою	серебристые
казённый_ADJF	казённом	казенною	показенней	казённо	казенному	показеннее	казёнен	казённая	казённа	казенны	казенный	казенные	казенен	показённее	казенно	казенном	казённую	казенней	казенная	казённее	казённых	казённою	казённы	казенных	казённым	казенна	казённому	казёнными	казенными	казеннее	казённого	казённое	казенное	казённей	казенную	казенной	казённые	казённый	казенного	казенным	казённой	показённей
струя_NOUN	струях	струи	струёю	струй	струей	струями	струям	струю	струёй	струя	струею	струе
чистилище_NOUN	чистилищу	чистилищ	чистилищами	чистилище	чистилищем	чистилища	чистилищах	чистилищам
спорый_ADJF	поспорей	спора	спорая	спорою	спорой	спорые	спорый	спорым	спором	спор	споро	споры	спорее	спорей	спорое	спорыми	спорого	спорому	спорых	спорую	поспорее
средство_NOUN	средствами	средствах	средстве	средству	средствам	средства	средство	средств	средством
фирма_NOUN	фирмами	фирм	фирме	фирму	фирма	фирмы	фирмах	фирмам	фирмою	фирмой
условие_NOUN	условье	условьями	условью	условия	условиях	условие	условьи	условии	условиям	условию	условиями	условья	условий	условьям	условьях	условьем	условием
рука_NOUN	рука	рук	руку	рукой	рукам	руке	руками	руки	рукою	руках
другой_ADJF	другому	другое	другие	другим	другими	других	другом	другую	другая	другого	другою	другой
ласкать_INFN	ласкаемые	ласкают	ласкает	ласкало	ласкающую	ласкающей	ласкаемую	ласкавшем	ласкать	ласкаемо	ласканное	ласкаем	ласкана	ласканными	ласкайте	ласкаемою	ласкавши	ласкающий	ласкающего	ласкающее	ласкаете	ласкающие	ласкаемой	ласкавшую	ласкаемого	ласкаю	ласканном	ласканы	ласкай	ласкавшее	ласкаешь	ласкаемых	ласканной	ласкав	ласкавшая	ласкала	ласкающему	ласкающем	ласкали	ласкавший	ласкавшему	ласкавшей	ласкаемый	ласкавшею	ласкаемым	ласкающим	лаская	ласкавшие	ласкаемое	ласканная	ласканную	ласкающею	ласканному	ласкаемыми	ласкающая	ласкано	ласканною	ласкавшего	ласкаемом	ласкавшими	ласкаема	ласкаемая	ласкаемы	ласкаемому	ласкающими	ласкавших	ласканным	ласканных	ласканного	ласканный	ласкан	ласкал	ласкавшим	ласкающих	ласканные
компас_NOUN	компаса	компасе	компасами	компасы	компасом	компасу	компасам	компасах	компасов	компас
хлопья_NOUN	хлопьев	хлопьях	хлопья	хлопьями	хлопьям
медвяный_ADJF	медвяною	медвяные	медвяно	медвяная	медвяными	медвяней	медвяны	медвяному	медвянее	помедвянее	медвяную	медвяный	медвяном	медвяной	медвяна	медвяным	медвяное	помедвяней	медвяного	медвян	медвяных
депо_NOUN	депо
кургузый_ADJF	кургузо	кургузее	покургузей	кургузым	кургузого	кургузом	кургузое	покургузее	кургуз	кургузою	кургуза	кургузая	кургузых	кургузыми	кургузому	кургузой	кургузый	кургузую	кургузые	кургузы	кургузей
дохлый_ADJF	дохлее	дохла	дохлые	подохлее	дохлой	дохлое	дохлей	дохл	дохлыми	дохлую	дохлою	подохлей	дохло	дохлого	дохлым	дохлых	дохлы	дохлом	дохлый	дохлому	дохлая
заправщик_NOUN	заправщику	заправщики	заправщиками	заправщиков	заправщик	заправщика	заправщикам	заправщике	заправщиках	заправщиком
шифр_NOUN	шифру	шифре	шифрами	шифров	шифры	шифрам	шифром	шифра	шифрах	шифр
фартук_NOUN	фартуков	фартук	фартуках	фартукам	фартуком	фартуки	фартуками	фартуке	фартуку	фартука
юр_NOUN	юром	юров	юры	юр	юрах	юру	юре	юрами	юра	юрам
ком_NOUN	комья	ком	комьям	комьях	комом	коме	кому	комьями	комьев	кома
дробь_NOUN	дробям	дробью	дробей	дробях	дробь	дроби	дробями
кадра_	кадра
четвертак_NOUN	четвертак	четвертаками	четвертаков	четвертаке	четвертака	четвертаку	четвертаком	четвертаках	четвертаки	четвертакам
уголок_NOUN	уголков	уголкам	уголках	уголок	уголку	уголком	уголке	уголки	уголками	уголка
увязать_INFN	увязавший	увязающему	увязанною	увязавшем	увяжете	увязав	увязал	увязающей	увяжемте	увяжи	увязают	увязающим	увязаю	увязавшею	увязанных	увяжут	увязаны	увязанным	увязавшее	увязаешь	увязая	увязанного	увязай	увязаете	увязавшему	увяжешь	увязавшей	увязающем	увязающею	увязающая	увязанная	увязающих	увязает	увяжем	увязанные	увязан	увязанное	увязанном	увязавшая	увязающие	увязавшими	увязающий	увязавшие	увязающими	увязайте	увязаем	увязавшего	увязающего	увязавши	увязать	увязало	увязавшим	увяжу	увязанную	увязавшую	увязающую	увяжите	увязанный	увязанному	увязанной	увязана	увяжет	увязано	увязали	увязавших	увязанными	увязающее	увязала
юдоль_NOUN	юдолью	юдолях	юдолям	юдоли	юдолей	юдолями	юдоль
экспресс_NOUN	экспрессам	экспрессов	экспресс	экспрессе	экспрессом	экспрессами	экспрессы	экспрессах	экспрессу	экспресса
формула_NOUN	формулами	формулою	формулу	формулам	формулы	формулах	формулой	формула	формул	формуле
рудник_NOUN	руднике	рудники	рудник	рудником	рудникам	рудниками	рудника	руднику	рудников	рудниках
мотня_NOUN	мотней	мотнях	мотнёй	мотню	мотням	мотнею	мотне	мотнёю	мотнями	мотни	мотня
кремль_NOUN	кремлями	кремля	кремли	кремлём	кремлем	кремлям	кремль	кремлях	кремле	кремлей	кремлю
синдикат_NOUN	синдикатом	синдикат	синдикатах	синдиката	синдикатам	синдикате	синдикатами	синдикату	синдикатов	синдикаты
семёрка_NOUN	семёрка	семерках	семеркою	семерка	семерки	семёрке	семёркой	семеркой	семерками	семерку	семерок	семерке	семёрками	семёрок	семёркам	семёрках	семеркам	семёрку	семёрки	семёркою
тулуп_NOUN	тулупы	тулупах	тулупу	тулупов	тулупом	тулуп	тулупе	тулупами	тулупам	тулупа
шлем_NOUN	шлему	шлемами	шлемы	шлемах	шлеме	шлемам	шлемом	шлема	шлем	шлемов
иконостас_NOUN	иконостасах	иконостасом	иконостасу	иконостасы	иконостаса	иконостасам	иконостасами	иконостас	иконостасов	иконостасе
слеза_NOUN	слёзы	слезой	слезою	слеза	слезами	слезе	слёз	слезах	слезы	слезу	слез	слезам
цыкать_INFN	цыкав	цыкаем	цыкала	цыкающая	цыкая	цыкало	цыкавшим	цыкал	цыкает	цыкающих	цыкали	цыкающей	цыкавшем	цыкаете	цыкавши	цыкай	цыкаешь	цыкающему	цыкающими	цыкающий	цыкавшая	цыкавшее	цыкающие	цыкавшие	цыкавшему	цыкайте	цыкающим	цыкающем	цыкающею	цыкавшею	цыкающее	цыкающего	цыкают	цыкать	цыкавшую	цыкавшей	цыкавшими	цыкаю	цыкавший	цыкавших	цыкавшего	цыкающую
совокупность_NOUN	совокупности	совокупностью	совокупностям	совокупностями	совокупностей	совокупность	совокупностях
салютовать_INFN	салютовала	салютуешь	салютовавшему	салютовавших	салютующей	салютуют	салютующую	салютовали	салютовавшего	салютуя	салютующий	салютующего	салютовавшие	салютующем	салютовавший	салютовало	салютуем	салютовавшею	салютующие	салютовавшее	салютовавшая	салютовав	салютовавшими	салютующих	салютуйте	салютовавшей	салютующая	салютующему	салютуете	салютовать	салютующее	салютовал	салютующим	салютующими	салютует	салютую	салютующею	салютовавши	салютовавшую	салютовавшем	салютуй	салютовавшим
давиться_INFN	давятся	давящееся	давившееся	давившемуся	давясь	давящимися	давящегося	давишься	давиться	давилось	давилась	давившемся	давись	давившеюся	давящемуся	давившийся	давившимися	давитесь	давился	давились	давящейся	давившись	давится	давящийся	давлюсь	давящемся	давившимся	давящиеся	давящаяся	давившуюся	давившаяся	давящимся	давившихся	давившейся	давящуюся	давящеюся	давящихся	давимся	давившегося	давившиеся
тяжесть_NOUN	тяжестью	тяжестях	тяжестям	тяжестей	тяжесть	тяжестями	тяжести
щуп_NOUN	щупом	щупах	щупе	щупу	щупов	щуп	щупа	щупам	щупы	щупами
ядрышко_NOUN	ядрышках	ядрышкам	ядрышку	ядрышке	ядрышком	ядрышка	ядрышко	ядрышки	ядрышек	ядрышками
хлебало_	хлебало
сыворотка_NOUN	сыворотке	сыворотку	сыворотки	сыворотками	сыворотках	сывороткам	сывороткою	сывороток	сыворотка	сывороткой
хлыст_NOUN	хлыст	хлысте	хлыстов	хлыстом	хлыстами	хлыста	хлысты	хлыстах	хлысту	хлыстам
слыхать_CONJ	слыхать
слыхать_PRED	слыхать
слыхать_INFN	слыхая	слыханных	слыхающему	слыхана	слыхает	слыхающий	слыхающими	слыханные	слыхавшие	слыхавшего	слыхавшую	слыхавши	слыхавшее	слыхаемая	слыхающую	слыхавшем	слыхавшая	слыхавшими	слыханными	слыхаемым	слыханы	слыхать	слыхали	слыхающею	слыхала	слыхаю	слыхают	слыхаемою	слыхаемого	слыхаемой	слыхав	слыхаема	слыхающего	слыхавшему	слыхавшим	слыхающих	слыхаемое	слыхаемые	слыхающая	слыханной	слыхаемых	слыхаемую	слыхаешь	слыханному	слыханным	слыханную	слыхавшей	слыхан	слыханный	слыхавших	слыханного	слыхавший	слыханная	слыхаемо	слыхающем	слыхающей	слыхаем	слыхало	слыхаемый	слыхавшею	слыхано	слыхай	слыхаете	слыхающим	слыхающие	слыхаемому	слыхаемом	слыханном	слыханною	слыханное	слыхаемы	слыхал	слыхаемыми	слыхающее	слыхайте
скорлупа_NOUN	скорлупе	скорлупу	скорлупою	скорлуп	скорлупами	скорлупам	скорлупа	скорлупах	скорлупой	скорлупы
чирикать_INFN	чирикавшую	чирикающих	чирикающей	чирикавшим	чирикавшее	чирикающего	чирикающем	чирикающие	чирикав	чирикавших	чирикаем	чирикающая	чирикала	чирикает	чирикающим	чирикавшего	чирикавший	чирикал	чирикавшему	чирикавшею	чирикаешь	чирикайте	чирикавшей	чирикавши	чирикавшем	чирикающий	чирикаю	чирикавшая	чирикающему	чирикавшие	чирикали	чирикало	чирикающею	чирикаете	чирикают	чирикать	чирикай	чирикавшими	чирикающую	чирикающее	чирикающими	чирикая
